run_index,year,asocc_ssp_scenario,value,s_p,r_c
0,2019,,0.00019792638932764463,Paper,FR
0,2020,,0.00018264636965212687,Paper,FR
0,2021,,0.00020560918113102616,Paper,FR
0,2022,,0.0002032912634156707,Paper,FR
0,2023,,0.00019228638508796486,Paper,FR
0,2024,,0.00018472802322344996,Paper,FR
0,2025,,0.00013183860753623194,Paper,FR
0,2026,SSP2,0.00013924877271834736,Paper,FR
0,2027,SSP2,0.000136156995269302,Paper,FR
0,2028,SSP2,0.00013303629119260405,Paper,FR
0,2029,SSP2,0.00012989990370011723,Paper,FR
0,2030,SSP2,0.00012675935090039576,Paper,FR
1,2019,,0.0001916239430202689,Paper,FR
1,2020,,0.00017683047546095826,Paper,FR
1,2021,,0.00019906209648615518,Paper,FR
1,2022,,0.00019681798677586448,Paper,FR
1,2023,,0.0001861635299104769,Paper,FR
1,2024,,0.00017884584423868516,Paper,FR
1,2025,,0.00012764055315824392,Paper,FR
1,2026,SSP2,0.0001348147610819679,Paper,FR
1,2027,SSP2,0.00013182143316980925,Paper,FR
1,2028,SSP2,0.0001288000997225226,Paper,FR
1,2029,SSP2,0.00012576358225665363,Paper,FR
1,2030,SSP2,0.00012272303211682486,Paper,FR
2,2019,,0.00018646054450817003,Paper,FR
2,2020,,0.00017206569398585693,Paper,FR
2,2021,,0.00019369827338236288,Paper,FR
2,2022,,0.00019151463227822063,Paper,FR
2,2023,,0.0001811472648331783,Paper,FR
2,2024,,0.00017402675769092837,Paper,FR
2,2025,,0.00012420121759363213,Paper,FR
2,2026,SSP2,0.00013118211306414703,Paper,FR
2,2027,SSP2,0.00012826944179981776,Paper,FR
2,2028,SSP2,0.00012532951962285774,Paper,FR
2,2029,SSP2,0.0001223748225679359,Paper,FR
2,2030,SSP2,0.00011941620150137693,Paper,FR
3,2019,,0.0001932506231650287,Paper,FR
3,2020,,0.0001783315750567971,Paper,FR
3,2021,,0.00020075191851373988,Paper,FR
3,2022,,0.00019848875873772746,Paper,FR
3,2023,,0.00018774385705024217,Paper,FR
3,2024,,0.00018036405213698052,Paper,FR
3,2025,,0.0001287240834844449,Paper,FR
3,2026,SSP2,0.0001359591926786467,Paper,FR
3,2027,SSP2,0.0001329404546480826,Paper,FR
3,2028,SSP2,0.0001298934733456692,Paper,FR
3,2029,SSP2,0.00012683117912876853,Paper,FR
3,2030,SSP2,0.00012376481800486518,Paper,FR
4,2019,,0.00019777276534162306,Paper,FR
4,2020,,0.00018250460551732077,Paper,FR
4,2021,,0.00020544959401343525,Paper,FR
4,2022,,0.00020313347538995386,Paper,FR
4,2023,,0.00019213713868865834,Paper,FR
4,2024,,0.00018458464337726637,Paper,FR
4,2025,,0.00013173627872363624,Paper,FR
4,2026,SSP2,0.0001391406923780437,Paper,FR
4,2027,SSP2,0.00013605131466547224,Paper,FR
4,2028,SSP2,0.0001329330327771499,Paper,FR
4,2029,SSP2,0.00012979907964599279,Paper,FR
4,2030,SSP2,0.00012666096444057616,Paper,FR
5,2019,,0.00019055561470705408,Paper,FR
5,2020,,0.0001758446226463431,Paper,FR
5,2021,,0.00019795229950352253,Paper,FR
5,2022,,0.00019572070099566134,Paper,FR
5,2023,,0.0001851256441079165,Paper,FR
5,2024,,0.00017784875548198012,Paper,FR
5,2025,,0.00012692894053455977,Paper,FR
5,2026,SSP2,0.0001340631513194659,Paper,FR
5,2027,SSP2,0.0001310865115982968,Paper,FR
5,2028,SSP2,0.00012808202247648707,Paper,FR
5,2029,SSP2,0.00012506243398896616,Paper,FR
5,2030,SSP2,0.00012203883531016533,Paper,FR
6,2019,,0.00018671506162575436,Paper,FR
6,2020,,0.00017230056225026074,Paper,FR
6,2021,,0.00019396266994063947,Paper,FR
6,2022,,0.00019177604818425718,Paper,FR
6,2023,,0.0001813945293674809,Paper,FR
6,2024,,0.00017426430279124367,Paper,FR
6,2025,,0.0001243707512394003,Paper,FR
6,2026,SSP2,0.00013136117557511297,Paper,FR
6,2027,SSP2,0.00012844452853834012,Paper,FR
6,2028,SSP2,0.00012550059339166378,Paper,FR
6,2029,SSP2,0.00012254186319943808,Paper,FR
6,2030,SSP2,0.00011957920363933146,Paper,FR
7,2019,,0.00019429491483266204,Paper,FR
7,2020,,0.0001792952468673077,Paper,FR
7,2021,,0.00020183674583451017,Paper,FR
7,2022,,0.0001995613563494396,Paper,FR
7,2023,,0.0001887583911425824,Paper,FR
7,2024,,0.00018133870708868225,Paper,FR
7,2025,,0.00012941968531798596,Paper,FR
7,2026,SSP2,0.00013669389174314194,Paper,FR
7,2027,SSP2,0.0001336588409943032,Paper,FR
7,2028,SSP2,0.00013059539435204546,Paper,FR
7,2029,SSP2,0.00012751655204706013,Paper,FR
7,2030,SSP2,0.0001244336208582369,Paper,FR
8,2019,,0.00019741962511791197,Paper,FR
8,2020,,0.0001821787279016169,Paper,FR
8,2021,,0.00020508274615414619,Paper,FR
8,2022,,0.0002027707631589826,Paper,FR
8,2023,,0.00019179406135936826,Paper,FR
8,2024,,0.0001842550516756826,Paper,FR
8,2025,,0.00013150105230679888,Paper,FR
8,2026,SSP2,0.00013889224474599075,Paper,FR
8,2027,SSP2,0.00013580838338211703,Paper,FR
8,2028,SSP2,0.00013269566945337566,Paper,FR
8,2029,SSP2,0.00012956731226414675,Paper,FR
8,2030,SSP2,0.0001264348004323987,Paper,FR
9,2019,,0.00018954467367013063,Paper,FR
9,2020,,0.00017491172678059394,Paper,FR
9,2021,,0.00019690211736520498,Paper,FR
9,2022,,0.00019468235799686745,Paper,FR
9,2023,,0.00018414351030459988,Paper,FR
9,2024,,0.00017690522723402534,Paper,FR
9,2025,,0.000126255553529108,Paper,FR
9,2026,SSP2,0.00013335191569717014,Paper,FR
9,2027,SSP2,0.0001303910677292427,Paper,FR
9,2028,SSP2,0.0001274025181081026,Paper,FR
9,2029,SSP2,0.00012439894922683338,Paper,FR
9,2030,SSP2,0.00012139139142926444,Paper,FR
10,2019,,0.00018716367531560764,Paper,FR
10,2020,,0.00017271454273111675,Paper,FR
10,2021,,0.00019442869720324069,Paper,FR
10,2022,,0.00019223682172792483,Paper,FR
10,2023,,0.00018183035960222572,Paper,FR
10,2024,,0.00017468300148220192,Paper,FR
10,2025,,0.00012466957245466556,Paper,FR
10,2026,SSP2,0.00013167679243625475,Paper,FR
10,2027,SSP2,0.00012875313767456796,Paper,FR
10,2028,SSP2,0.00012580212923879892,Paper,FR
10,2029,SSP2,0.00012283629020994665,Paper,FR
10,2030,SSP2,0.00011986651237225994,Paper,FR
11,2019,,0.0001952634887063536,Paper,FR
11,2020,,0.0001801890463367499,Paper,FR
11,2021,,0.00020284291626843326,Paper,FR
11,2022,,0.00020055618380606649,Paper,FR
11,2023,,0.0001896993650546285,Paper,FR
11,2024,,0.0001822426933516597,Paper,FR
11,2025,,0.0001300648515903423,Paper,FR
11,2026,SSP2,0.0001373753204483124,Paper,FR
11,2027,SSP2,0.00013432513975712194,Paper,FR
11,2028,SSP2,0.00013124642161697816,Paper,FR
11,2029,SSP2,0.00012815223106564064,Paper,FR
11,2030,SSP2,0.00012505393124709053,Paper,FR
12,2019,,0.00019687953912496812,Paper,FR
12,2020,,0.0001816803368268024,Paper,FR
12,2021,,0.00020452169596206845,Paper,FR
12,2022,,0.00020221603791879792,Paper,FR
12,2023,,0.0001912693653672239,Paper,FR
12,2024,,0.00018375098034802332,Paper,FR
12,2025,,0.000131141301464572,Paper,FR
12,2026,SSP2,0.00013851227362675152,Paper,FR
12,2027,SSP2,0.00013543684886246012,Paper,FR
12,2028,SSP2,0.00013233265046601168,Paper,FR
12,2029,SSP2,0.00012921285160474952,Paper,FR
12,2030,SSP2,0.00012608890946693156,Paper,FR
13,2019,,0.0001886271056215841,Paper,FR
13,2020,,0.00017406499546020196,Paper,FR
13,2021,,0.0001959489326194289,Paper,FR
13,2022,,0.00019373991889871318,Paper,FR
13,2023,,0.00018325208878306056,Paper,FR
13,2024,,0.00017604884556427026,Paper,FR
13,2025,,0.00012564436219554683,Paper,FR
13,2026,SSP2,0.00013270637153764845,Paper,FR
13,2027,SSP2,0.00012975985675798407,Paper,FR
13,2028,SSP2,0.00012678577442622099,Paper,FR
13,2029,SSP2,0.0001237967455411632,Paper,FR
13,2030,SSP2,0.00012080374704977666,Paper,FR
14,2019,,0.00018779041661169628,Paper,FR
14,2020,,0.0001732928992748324,Paper,FR
14,2021,,0.00019507976634620605,Paper,FR
14,2022,,0.00019288055109796713,Paper,FR
14,2023,,0.00018243924161447087,Paper,FR
14,2024,,0.00017526794965961397,Paper,FR
14,2025,,0.00012508704432409373,Paper,FR
14,2026,SSP2,0.0001321177288701922,Paper,FR
14,2027,SSP2,0.00012918428387986427,Paper,FR
14,2028,SSP2,0.00012622339361820844,Paper,FR
14,2029,SSP2,0.00012324762310134815,Paper,FR
14,2030,SSP2,0.00012026790058605268,Paper,FR
15,2019,,0.00019612186718624423,Paper,FR
15,2020,,0.00018098115755381457,Paper,FR
15,2021,,0.00020373461391901104,Paper,FR
15,2022,,0.0002014378289785903,Paper,FR
15,2023,,0.00019053328364171615,Paper,FR
15,2024,,0.00018304383240293223,Paper,FR
15,2025,,0.0001306366168001876,Paper,FR
15,2026,SSP2,0.00013797922248612882,Paper,FR
15,2027,SSP2,0.00013491563319775288,Paper,FR
15,2028,SSP2,0.00013182338100977117,Paper,FR
15,2029,SSP2,0.0001287155883938616,Paper,FR
15,2030,SSP2,0.0001256036684463969,Paper,FR
16,2019,,0.00019617173239999309,Paper,FR
16,2020,,0.00018102717314725866,Paper,FR
16,2021,,0.00020378641472132273,Paper,FR
16,2022,,0.0002014890458089379,Paper,FR
16,2023,,0.00019058172792307744,Paper,FR
16,2024,,0.00018309037244438264,Paper,FR
16,2025,,0.00013066983197865614,Paper,FR
16,2026,SSP2,0.00013801430456810614,Paper,FR
16,2027,SSP2,0.00013494993634295533,Paper,FR
16,2028,SSP2,0.00013185689793047695,Paper,FR
16,2029,SSP2,0.0001287483151388195,Paper,FR
16,2030,SSP2,0.00012563560396620702,Paper,FR
17,2019,,0.0001878355725450592,Paper,FR
17,2020,,0.00017333456914677325,Paper,FR
17,2021,,0.00019512667507077532,Paper,FR
17,2022,,0.000192926931000997,Paper,FR
17,2023,,0.00018248311080857444,Paper,FR
17,2024,,0.00017531009445059047,Paper,FR
17,2025,,0.00012511712265471348,Paper,FR
17,2026,SSP2,0.000132149497793594,Paper,FR
17,2027,SSP2,0.00012921534742943018,Paper,FR
17,2028,SSP2,0.00012625374519447047,Paper,FR
17,2029,SSP2,0.00012327725912621206,Paper,FR
17,2030,SSP2,0.00012029682010922405,Paper,FR
18,2019,,0.0001885729758727955,Paper,FR
18,2020,,0.00017401504455602995,Paper,FR
18,2021,,0.00019589270174813852,Paper,FR
18,2022,,0.00019368432194139491,Paper,FR
18,2023,,0.0001831995014865629,Paper,FR
18,2024,,0.00017599832536064675,Paper,FR
18,2025,,0.0001256083064137442,Paper,FR
18,2026,SSP2,0.00013266828919242927,Paper,FR
18,2027,SSP2,0.00012972261996518057,Paper,FR
18,2028,SSP2,0.00012674939109681005,Paper,FR
18,2029,SSP2,0.00012376121996431194,Paper,FR
18,2030,SSP2,0.00012076908036463096,Paper,FR
19,2019,,0.00019683949521550126,Paper,FR
19,2020,,0.00018164338432786757,Paper,FR
19,2021,,0.0002044800976918088,Paper,FR
19,2022,,0.00020217490860312013,Paper,FR
19,2023,,0.0001912304625275251,Paper,FR
19,2024,,0.00018371360669480264,Paper,FR
19,2025,,0.00013111462824892678,Paper,FR
19,2026,SSP2,0.00013848410120736345,Paper,FR
19,2027,SSP2,0.000135409301962775,Paper,FR
19,2028,SSP2,0.00013230573493838336,Paper,FR
19,2029,SSP2,0.00012918657062220245,Paper,FR
19,2030,SSP2,0.000126063263872179,Paper,FR
20,2019,,0.00019532140020966102,Paper,FR
20,2020,,0.00018024248704203498,Paper,FR
20,2021,,0.00020290307568837494,Paper,FR
20,2022,,0.0002006156650238751,Paper,FR
20,2023,,0.0001897556263427964,Paper,FR
20,2024,,0.0001822967431302881,Paper,FR
20,2025,,0.00013010342639576525,Paper,FR
20,2026,SSP2,0.00013741606340224202,Paper,FR
20,2027,SSP2,0.0001343649780844347,Paper,FR
20,2028,SSP2,0.00013128534685399973,Paper,FR
20,2029,SSP2,0.00012819023862354294,Paper,FR
20,2030,SSP2,0.00012509101990714163,Paper,FR
21,2019,,0.00018719825005155367,Paper,FR
21,2020,,0.00017274644827955664,Paper,FR
21,2021,,0.0001944646140062998,Paper,FR
21,2022,,0.00019227233362594212,Paper,FR
21,2023,,0.00018186394911503916,Paper,FR
21,2024,,0.00017471527066392387,Paper,FR
21,2025,,0.00012469260265826068,Paper,FR
21,2026,SSP2,0.00013170111708323034,Paper,FR
21,2027,SSP2,0.00012877692223495243,Paper,FR
21,2028,SSP2,0.00012582536865954948,Paper,FR
21,2029,SSP2,0.00012285898175140862,Paper,FR
21,2030,SSP2,0.00011988865530681738,Paper,FR
22,2019,,0.00018948349692210451,Paper,FR
22,2020,,0.00017485527290917206,Paper,FR
22,2021,,0.00019683856595546805,Paper,FR
22,2022,,0.00019461952302857373,Paper,FR
22,2023,,0.00018408407681637557,Paper,FR
22,2024,,0.000176848129947663,Paper,FR
22,2025,,0.00012621480374682401,Paper,FR
22,2026,SSP2,0.0001333088755188974,Paper,FR
22,2027,SSP2,0.00013034898318346847,Paper,FR
22,2028,SSP2,0.0001273613981357115,Paper,FR
22,2029,SSP2,0.00012435879867538706,Paper,FR
22,2030,SSP2,0.00012135221158621101,Paper,FR
23,2019,,0.0001973908279258266,Paper,FR
23,2020,,0.00018215215386766195,Paper,FR
23,2021,,0.00020505283115845679,Paper,FR
23,2022,,0.00020274118540746725,Paper,FR
23,2023,,0.0001917660847566242,Paper,FR
23,2024,,0.00018422817477267643,Paper,FR
23,2025,,0.00013148187052048734,Paper,FR
23,2026,SSP2,0.00013887198482173685,Paper,FR
23,2027,SSP2,0.00013578857329433713,Paper,FR
23,2028,SSP2,0.00013267631341073365,Paper,FR
23,2029,SSP2,0.00012954841254849268,Paper,FR
23,2030,SSP2,0.00012641635764976166,Paper,FR
24,2019,,0.00019435881119305245,Paper,FR
24,2020,,0.00017935421039561202,Paper,FR
24,2021,,0.00020190312242219892,Paper,FR
24,2022,,0.00019962698464628045,Paper,FR
24,2023,,0.0001888204667465556,Paper,FR
24,2024,,0.00018139834263493853,Paper,FR
24,2025,,0.00012946224663186188,Paper,FR
24,2026,SSP2,0.0001367388452725614,Paper,FR
24,2027,SSP2,0.00013370279640858098,Paper,FR
24,2028,SSP2,0.0001306383423128299,Paper,FR
24,2029,SSP2,0.00012755848749129118,Paper,FR
24,2030,SSP2,0.000124474542441233,Paper,FR
25,2019,,0.00018673782443326384,Paper,FR
25,2020,,0.0001723215677572516,Paper,FR
25,2021,,0.0001939863163186094,Paper,FR
25,2022,,0.00019179942798678483,Paper,FR
25,2023,,0.0001814166435382356,Paper,FR
25,2024,,0.000174285547701781,Paper,FR
25,2025,,0.00012438591352703594,Paper,FR
25,2026,SSP2,0.0001313771900793945,Paper,FR
25,2027,SSP2,0.0001284601874683338,Paper,FR
25,2028,SSP2,0.0001255158934206214,Paper,FR
25,2029,SSP2,0.000122556802523666,Paper,FR
25,2030,SSP2,0.00011959378177979255,Paper,FR
26,2019,,0.00019048956862274043,Paper,FR
26,2020,,0.00017578367535391482,Paper,FR
26,2021,,0.00019788368974734617,Paper,FR
26,2022,,0.00019565286470576897,Paper,FR
26,2023,,0.00018506148003740003,Paper,FR
26,2024,,0.00017778711356228284,Paper,FR
26,2025,,0.00012688494729132065,Paper,FR
26,2026,SSP2,0.00013401668537717912,Paper,FR
26,2027,SSP2,0.00013104107735165593,Paper,FR
26,2028,SSP2,0.0001280376295780225,Paper,FR
26,2029,SSP2,0.00012501908767207907,Paper,FR
26,2030,SSP2,0.00012199653696477767,Paper,FR
27,2019,,0.0001977562399390306,Paper,FR
27,2020,,0.00018248935588435972,Paper,FR
27,2021,,0.00020543242715404658,Paper,FR
27,2022,,0.00020311650205970274,Paper,FR
27,2023,,0.00019212108418507537,Paper,FR
27,2024,,0.00018456921994149187,Paper,FR
27,2025,,0.00013172527116636122,Paper,FR
27,2026,SSP2,0.00013912906612629684,Paper,FR
27,2027,SSP2,0.0001360399465544778,Paper,FR
27,2028,SSP2,0.0001329219252220693,Paper,FR
27,2029,SSP2,0.00012978823395627624,Paper,FR
27,2030,SSP2,0.00012665038096399629,Paper,FR
28,2019,,0.00019331822991154444,Paper,FR
28,2020,,0.0001783939625274979,Paper,FR
28,2021,,0.00020082214951142166,Paper,FR
28,2022,,0.00019855819799219622,Paper,FR
28,2023,,0.0001878095373111676,Paper,FR
28,2024,,0.0001804271506489215,Paper,FR
28,2025,,0.0001287691162835121,Paper,FR
28,2026,SSP2,0.00013600675660638658,Paper,FR
28,2027,SSP2,0.00013298696250131422,Paper,FR
28,2028,SSP2,0.00012993891524377388,Paper,FR
28,2029,SSP2,0.0001268755497146803,Paper,FR
28,2030,SSP2,0.00012380811585581842,Paper,FR
29,2019,,0.00018647068511660664,Paper,FR
29,2020,,0.00017207505173407484,Paper,FR
29,2021,,0.0001937088076128104,Paper,FR
29,2022,,0.00019152504775191205,Paper,FR
29,2023,,0.00018115711648027544,Paper,FR
29,2024,,0.00017403622209108814,Paper,FR
29,2025,,0.00012420797224469403,Paper,FR
29,2026,SSP2,0.0001311892473694017,Paper,FR
29,2027,SSP2,0.00012827641770019982,Paper,FR
29,2028,SSP2,0.00012533633563633338,Paper,FR
29,2029,SSP2,0.00012238147789097722,Paper,FR
29,2030,SSP2,0.00011942269592057755,Paper,FR
30,2019,,0.0001915553785927402,Paper,FR
30,2020,,0.00017676720424271428,Paper,FR
30,2021,,0.00019899087063372195,Paper,FR
30,2022,,0.0001967475638820552,Paper,FR
30,2023,,0.00018609691925810303,Paper,FR
30,2024,,0.0001787818519069711,Paper,FR
30,2025,,0.00012759488244863006,Paper,FR
30,2026,SSP2,0.00013476652338906633,Paper,FR
30,2027,SSP2,0.00013177426651120257,Paper,FR
30,2028,SSP2,0.00012875401411879312,Paper,FR
30,2029,SSP2,0.00012571858314075257,Paper,FR
30,2030,SSP2,0.00012267912093167203,Paper,FR
31,2019,,0.00019792272395694307,Paper,FR
31,2020,,0.00018264298724994017,Paper,FR
31,2021,,0.00020560537348379406,Paper,FR
31,2022,,0.00020328749869362767,Paper,FR
31,2023,,0.00019228282416370104,Paper,FR
31,2024,,0.00018472460227141635,Paper,FR
31,2025,,0.00013183616603577796,Paper,FR
31,2026,SSP2,0.00013924619399009652,Paper,FR
31,2027,SSP2,0.00013615447379723876,Paper,FR
31,2028,SSP2,0.0001330338275124165,Paper,FR
31,2029,SSP2,0.00012989749810224434,Paper,FR
31,2030,SSP2,0.00012675700346197427,Paper,FR
32,2019,,0.00019223669715884333,Paper,FR
32,2020,,0.00017739592466295762,Paper,FR
32,2021,,0.00019969863554037082,Paper,FR
32,2022,,0.00019744734986088376,Paper,FR
32,2023,,0.00018675882333574683,Paper,FR
32,2024,,0.00017941773796708267,Paper,FR
32,2025,,0.00012804870819338674,Paper,FR
32,2026,SSP2,0.000135245857016494,Paper,FR
32,2027,SSP2,0.00013224295736691372,Paper,FR
32,2028,SSP2,0.00012921196262916066,Paper,FR
32,2029,SSP2,0.00012616573531902726,Paper,FR
32,2030,SSP2,0.00012311546243968922,Paper,FR
33,2019,,0.00018640634126006395,Paper,FR
33,2020,,0.00017201567525655277,Paper,FR
33,2021,,0.0001936419661587754,Paper,FR
33,2022,,0.0001914589598293564,Paper,FR
33,2023,,0.00018109460613176031,Paper,FR
33,2024,,0.00017397616888915746,Paper,FR
33,2025,,0.0001241651128539937,Paper,FR
33,2026,SSP2,0.0001311439790093514,Paper,FR
33,2027,SSP2,0.00012823215444555928,Paper,FR
33,2028,SSP2,0.0001252930868908551,Paper,FR
33,2029,SSP2,0.00012233924875318017,Paper,FR
33,2030,SSP2,0.00011938148774456076,Paper,FR
34,2019,,0.00019264298799163997,Paper,FR
34,2020,,0.00017777084963322223,Paper,FR
34,2021,,0.00020012069712455944,Paper,FR
34,2022,,0.0001978646533694963,Paper,FR
34,2023,,0.00018715353672287138,Paper,FR
34,2024,,0.00017979693602476103,Paper,FR
34,2025,,0.000128319338187864,Paper,FR
34,2026,SSP2,0.00013553169813159663,Paper,FR
34,2027,SSP2,0.0001325224518758924,Paper,FR
34,2028,SSP2,0.00012948505115325506,Paper,FR
34,2029,SSP2,0.0001264323856643087,Paper,FR
34,2030,SSP2,0.0001233756660558772,Paper,FR
35,2019,,0.00019788435377247914,Paper,FR
35,2020,,0.00018260757926357197,Paper,FR
35,2021,,0.00020556551390653265,Paper,FR
35,2022,,0.00020324808846993966,Paper,FR
35,2023,,0.00019224554735543516,Paper,FR
35,2024,,0.0001846887907338502,Paper,FR
35,2025,,0.00013181060768700084,Paper,FR
35,2026,SSP2,0.00013921919910015926,Paper,FR
35,2027,SSP2,0.00013612807828200562,Paper,FR
35,2028,SSP2,0.00013300803697962905,Paper,FR
35,2029,SSP2,0.0001298723155923034,Paper,FR
35,2030,SSP2,0.00012673242978236996,Paper,FR
36,2019,,0.00019115271144755095,Paper,FR
36,2020,,0.00017639562320949864,Paper,FR
36,2021,,0.00019857257339568322,Paper,FR
36,2022,,0.00019633398228255456,Paper,FR
36,2023,,0.00018570572629992725,Paper,FR
36,2024,,0.00017840603589779454,Paper,FR
36,2025,,0.0001273266661895315,Paper,FR
36,2026,SSP2,0.00013448323167656614,Paper,FR
36,2027,SSP2,0.00013149726479976388,Paper,FR
36,2028,SSP2,0.0001284833612575801,Paper,FR
36,2029,SSP2,0.00012545431103655783,Paper,FR
36,2030,SSP2,0.00012242123805851656,Paper,FR
37,2019,,0.00018654708326377924,Paper,FR
37,2020,,0.00017214555190475257,Paper,FR
37,2021,,0.0001937881712617581,Paper,FR
37,2022,,0.00019160351670147505,Paper,FR
37,2023,,0.00018123133762681958,Paper,FR
37,2024,,0.00017410752576490888,Paper,FR
37,2025,,0.00012425886098861444,Paper,FR
37,2026,SSP2,0.00013124299638320365,Paper,FR
37,2027,SSP2,0.00012832897331038653,Paper,FR
37,2028,SSP2,0.0001253876866774369,Paper,FR
37,2029,SSP2,0.00012243161830931306,Paper,FR
37,2030,SSP2,0.00011947162410836741,Paper,FR
38,2019,,0.0001937136820010074,Paper,FR
38,2020,,0.00017875888551102282,Paper,FR
38,2021,,0.00020123295163117558,Paper,FR
38,2022,,0.00019896436896899415,Paper,FR
38,2023,,0.00018819372080997556,Paper,FR
38,2024,,0.00018079623272541584,Paper,FR
38,2025,,0.00012903252659983826,Paper,FR
38,2026,SSP2,0.00013628497225167614,Paper,FR
38,2027,SSP2,0.00013325900085080946,Paper,FR
38,2028,SSP2,0.00013020471850277957,Paper,FR
38,2029,SSP2,0.00012713508654811496,Paper,FR
38,2030,SSP2,0.00012406137794149994,Paper,FR
39,2019,,0.000197642495220401,Paper,FR
39,2020,,0.00018238439231686693,Paper,FR
39,2021,,0.00020531426727382618,Paper,FR
39,2022,,0.00020299967424489937,Paper,FR
39,2023,,0.000192010580674945,Paper,FR
39,2024,,0.00018446306008531538,Paper,FR
39,2025,,0.0001316495059014581,Paper,FR
39,2026,SSP2,0.0001390490423733947,Paper,FR
39,2027,SSP2,0.00013596169959019495,Paper,FR
39,2028,SSP2,0.00013284547167001577,Paper,FR
39,2029,SSP2,0.00012971358282942765,Paper,FR
39,2030,SSP2,0.00012657753465607942,Paper,FR
40,2019,,0.00019010485860640168,Paper,FR
40,2020,,0.00017542866514991032,Paper,FR
40,2021,,0.00019748404666942708,Paper,FR
40,2022,,0.00019525772697029145,Paper,FR
40,2023,,0.0001846877325113617,Paper,FR
40,2024,,0.00017742805724304248,Paper,FR
40,2025,,0.0001266286922611974,Paper,FR
40,2026,SSP2,0.00013374602719051892,Paper,FR
40,2027,SSP2,0.0001307764286605308,Paper,FR
40,2028,SSP2,0.0001277790466071907,Paper,FR
40,2029,SSP2,0.00012476660090543498,Paper,FR
40,2030,SSP2,0.00012175015449843937,Paper,FR
41,2019,,0.00018688790123989657,Paper,FR
41,2020,,0.0001724600585567532,Paper,FR
41,2021,,0.00019414221856804334,Paper,FR
41,2022,,0.00019195357268539422,Paper,FR
41,2023,,0.00018156244383667474,Paper,FR
41,2024,,0.00017442561690586808,Paper,FR
41,2025,,0.00012448587956631526,Paper,FR
41,2026,SSP2,0.00013148277484354893,Paper,FR
41,2027,SSP2,0.00012856342790595378,Paper,FR
41,2028,SSP2,0.00012561676759821982,Paper,FR
41,2029,SSP2,0.0001226552985493624,Paper,FR
41,2030,SSP2,0.00011968989649526122,Paper,FR
42,2019,,0.00019472934792688165,Paper,FR
42,2020,,0.00017969614150185087,Paper,FR
42,2021,,0.00020228804206166888,Paper,FR
42,2022,,0.00020000756492674702,Paper,FR
42,2023,,0.00018918044486434147,Paper,FR
42,2024,,0.00018174417079158033,Paper,FR
42,2025,,0.0001297090608499912,Paper,FR
42,2026,SSP2,0.00013699953201376888,Paper,FR
42,2027,SSP2,0.00013395769505290258,Paper,FR
42,2028,SSP2,0.0001308873987069101,Paper,FR
42,2029,SSP2,0.0001278016722743071,Paper,FR
42,2030,SSP2,0.00012471184781533948,Paper,FR
43,2019,,0.00019720575755871942,Paper,FR
43,2020,,0.00018198137102866236,Paper,FR
43,2021,,0.00020486057702417086,Paper,FR
43,2022,,0.0002025510986339055,Paper,FR
43,2023,,0.00019158628805544236,Paper,FR
43,2024,,0.00018405544549090108,Paper,FR
43,2025,,0.00013135859529893397,Paper,FR
43,2026,SSP2,0.00013874178075155827,Paper,FR
43,2027,SSP2,0.00013566126017967717,Paper,FR
43,2028,SSP2,0.00013255191829933275,Paper,FR
43,2029,SSP2,0.00012942695010507302,Paper,FR
43,2030,SSP2,0.00012629783176907897,Paper,FR
44,2019,,0.0001891304382693726,Paper,FR
44,2020,,0.00017452947056712556,Paper,FR
44,2021,,0.00019647180283345066,Paper,FR
44,2022,,0.00019425689457959567,Paper,FR
44,2023,,0.00018374107873366178,Paper,FR
44,2024,,0.00017651861437764397,Paper,FR
44,2025,,0.00012597963166434973,Paper,FR
44,2026,SSP2,0.00013306048527514304,Paper,FR
44,2027,SSP2,0.00013010610801420425,Paper,FR
44,2028,SSP2,0.00012712408963989915,Paper,FR
44,2029,SSP2,0.00012412708482891028,Paper,FR
44,2030,SSP2,0.00012112609981909348,Paper,FR
45,2019,,0.00018741666334579183,Paper,FR
45,2020,,0.00017294799995445895,Paper,FR
45,2021,,0.00019469150532043424,Paper,FR
45,2022,,0.0001924966671000346,Paper,FR
45,2023,,0.00018207613862118268,Paper,FR
45,2024,,0.0001749191194595665,Paper,FR
45,2025,,0.00012483808757655565,Paper,FR
45,2026,SSP2,0.00013185477917584642,Paper,FR
45,2027,SSP2,0.00012892717252735333,Paper,FR
45,2028,SSP2,0.00012597217523097892,Paper,FR
45,2029,SSP2,0.00012300232729509656,Paper,FR
45,2030,SSP2,0.0001200285352263152,Paper,FR
46,2019,,0.0001956538318688386,Paper,FR
46,2020,,0.00018054925480510324,Paper,FR
46,2021,,0.00020324841115100688,Paper,FR
46,2022,,0.00020095710737637367,Paper,FR
46,2023,,0.00019007858520770165,Paper,FR
46,2024,,0.0001826070071808039,Paper,FR
46,2025,,0.0001303248588545486,Paper,FR
46,2026,SSP2,0.0001376499417683884,Paper,FR
46,2027,SSP2,0.00013459366358716004,Paper,FR
46,2028,SSP2,0.00013150879090894472,Paper,FR
46,2029,SSP2,0.00012840841488927855,Paper,FR
46,2030,SSP2,0.00012530392138773366,Paper,FR
47,2019,,0.00019658968701137433,Paper,FR
47,2020,,0.00018141286144636554,Paper,FR
47,2021,,0.00020422059283010325,Paper,FR
47,2022,,0.000201918329247527,Paper,FR
47,2023,,0.00019098777272400747,Paper,FR
47,2024,,0.0001834804565025007,Paper,FR
47,2025,,0.00013094823120659655,Paper,FR
47,2026,SSP2,0.0001383083515968248,Paper,FR
47,2027,SSP2,0.0001352374545674727,Paper,FR
47,2028,SSP2,0.00013213782626738993,Paper,FR
47,2029,SSP2,0.00012902262046997757,Paper,FR
47,2030,SSP2,0.00012590327749586864,Paper,FR
48,2019,,0.00018826413614850601,Paper,FR
48,2020,,0.00017373004741826848,Paper,FR
48,2021,,0.0001955718739746031,Paper,FR
48,2022,,0.0001933671109926324,Paper,FR
48,2023,,0.00018289946229342187,Paper,FR
48,2024,,0.00017571008005917544,Paper,FR
48,2025,,0.00012540258852367146,Paper,FR
48,2026,SSP2,0.00013245100865333554,Paper,FR
48,2027,SSP2,0.00012951016376354976,Paper,FR
48,2028,SSP2,0.00012654180436907765,Paper,FR
48,2029,SSP2,0.00012355852718251434,Paper,FR
48,2030,SSP2,0.0001205712880282165,Paper,FR
49,2019,,0.00018811454763220244,Paper,FR
49,2020,,0.00017359200721282994,Paper,FR
49,2021,,0.00019541647896917578,Paper,FR
49,2022,,0.0001932134678196572,Paper,FR
49,2023,,0.00018275413637125254,Paper,FR
49,2024,,0.00017557046658465313,Paper,FR
49,2025,,0.00012530294773418468,Paper,FR
49,2026,SSP2,0.00013234576742007307,Paper,FR
49,2027,SSP2,0.00012940725922931418,Paper,FR
49,2028,SSP2,0.00012644125839599322,Paper,FR
49,2029,SSP2,0.00012346035162377007,Paper,FR
49,2030,SSP2,0.00012047548603186218,Paper,FR
50,2019,,0.0001964542256633476,Paper,FR
50,2020,,0.0001812878577845026,Paper,FR
50,2021,,0.00020407987335890342,Paper,FR
50,2022,,0.00020177919616538525,Paper,FR
50,2023,,0.00019085617140990435,Paper,FR
50,2024,,0.00018335402815138912,Paper,FR
50,2025,,0.00013085800051245065,Paper,FR
50,2026,SSP2,0.00013821304936589154,Paper,FR
50,2027,SSP2,0.0001351442683572604,Paper,FR
50,2028,SSP2,0.00013204677587535962,Paper,FR
50,2029,SSP2,0.00012893371662990081,Paper,FR
50,2030,SSP2,0.00012581652305849276,Paper,FR
51,2019,,0.00019581621338092732,Paper,FR
51,2020,,0.0001806991003804324,Paper,FR
51,2021,,0.00020341709573038408,Paper,FR
51,2022,,0.0002011238903044107,Paper,FR
51,2023,,0.0001902363395833093,Paper,FR
51,2024,,0.00018275856057314377,Paper,FR
51,2025,,0.00013043302104816072,Paper,FR
51,2026,SSP2,0.00013776418336268673,Paper,FR
51,2027,SSP2,0.00013470536864502723,Paper,FR
51,2028,SSP2,0.0001316179356985805,Paper,FR
51,2029,SSP2,0.00012851498654379445,Paper,FR
51,2030,SSP2,0.00012540791648985478,Paper,FR
52,2019,,0.000187536789352557,Paper,FR
52,2020,,0.00017305885217134122,Paper,FR
52,2021,,0.00019481629418748443,Paper,FR
52,2022,,0.00019262004917034532,Paper,FR
52,2023,,0.0001821928415816843,Paper,FR
52,2024,,0.00017503123507913012,Paper,FR
52,2025,,0.00012491810341231464,Paper,FR
52,2026,SSP2,0.00013193929240862165,Paper,FR
52,2027,SSP2,0.00012900980929039644,Paper,FR
52,2028,SSP2,0.00012605291796806469,Paper,FR
52,2029,SSP2,0.00012308116648760488,Paper,FR
52,2030,SSP2,0.00012010546834622678,Paper,FR
53,2019,,0.00018895671203407962,Paper,FR
53,2020,,0.00017436915608709397,Paper,FR
53,2021,,0.0001962913331694463,Paper,FR
53,2022,,0.00019407845942508633,Paper,FR
53,2023,,0.00018357230290799798,Paper,FR
53,2024,,0.00017635647276460927,Paper,FR
53,2025,,0.00012586391275980476,Paper,FR
53,2026,SSP2,0.00013293826223487187,Paper,FR
53,2027,SSP2,0.00012998659872452697,Paper,FR
53,2028,SSP2,0.00012700731949062932,Paper,FR
53,2029,SSP2,0.00012401306758587664,Paper,FR
53,2030,SSP2,0.0001210148391383176,Paper,FR
54,2019,,0.00019710203829105915,Paper,FR
54,2020,,0.0001818856589421363,Paper,FR
54,2021,,0.0002047528317469313,Paper,FR
54,2022,,0.000202444568013937,Paper,FR
54,2023,,0.00019148552431640732,Paper,FR
54,2024,,0.0001839586425564862,Paper,FR
54,2025,,0.00013128950797879714,Paper,FR
54,2026,SSP2,0.0001386688102862353,Paper,FR
54,2027,SSP2,0.0001355899098969578,Paper,FR
54,2028,SSP2,0.0001324822033576233,Paper,FR
54,2029,SSP2,0.00012935887872294615,Paper,FR
54,2030,SSP2,0.00012623140612927854,Paper,FR
55,2019,,0.00019491286942977936,Paper,FR
55,2020,,0.0001798654950497594,Paper,FR
55,2021,,0.0002024786872103977,Paper,FR
55,2022,,0.00020019606085351432,Paper,FR
55,2023,,0.00018935873683691766,Paper,FR
55,2024,,0.00018191545449237662,Paper,FR
55,2025,,0.00012983130437434985,Paper,FR
55,2026,SSP2,0.00013712864639883263,Paper,FR
55,2027,SSP2,0.00013408394267701545,Paper,FR
55,2028,SSP2,0.00013101075274869574,Paper,FR
55,2029,SSP2,0.00012792211819177317,Paper,FR
55,2030,SSP2,0.00012482938174632565,Paper,FR
56,2019,,0.00018697428870149364,Paper,FR
56,2020,,0.00017253977686161275,Paper,FR
56,2021,,0.00019423195928073607,Paper,FR
56,2022,,0.00019204230171375168,Paper,FR
56,2023,,0.00018164636964749693,Paper,FR
56,2024,,0.00017450624377460616,Paper,FR
56,2025,,0.00012454342218447872,Paper,FR
56,2026,SSP2,0.00013154355172149084,Paper,FR
56,2027,SSP2,0.00012862285533874813,Paper,FR
56,2028,SSP2,0.00012567483296047625,Paper,FR
56,2029,SSP2,0.00012271199499585685,Paper,FR
56,2030,SSP2,0.00011974522220799299,Paper,FR
57,2019,,0.0001899131786550004,Paper,FR
57,2020,,0.00017525178298994436,Paper,FR
57,2021,,0.00019728492639051567,Paper,FR
57,2022,,0.000195060851457005,Paper,FR
57,2023,,0.000184501514569055,Paper,FR
57,2024,,0.00017724915912524118,Paper,FR
57,2025,,0.00012650101440090194,Paper,FR
57,2026,SSP2,0.00013361117302540223,Paper,FR
57,2027,SSP2,0.00013064456869822452,Paper,FR
57,2028,SSP2,0.00012765020886141548,Paper,FR
57,2029,SSP2,0.00012464080056464742,Paper,FR
57,2030,SSP2,0.00012162739559649213,Paper,FR
58,2019,,0.00019757421005031436,Paper,FR
58,2020,,0.00018232137879724598,Paper,FR
58,2021,,0.00020524333151860627,Paper,FR
58,2022,,0.00020292953817791697,Paper,FR
58,2023,,0.0001919442413224429,Paper,FR
58,2024,,0.00018439932838926196,Paper,FR
58,2025,,0.00013160402120500009,Paper,FR
58,2026,SSP2,0.00013900100114876707,Paper,FR
58,2027,SSP2,0.000135914725037625,Paper,FR
58,2028,SSP2,0.00013279957376927275,Paper,FR
58,2029,SSP2,0.00012966876699133483,Paper,FR
58,2030,SSP2,0.00012653380231767973,Paper,FR
59,2019,,0.00019391181081701719,Paper,FR
59,2020,,0.0001789417186799125,Paper,FR
59,2021,,0.00020143877109646575,Paper,FR
59,2022,,0.0001991678681459483,Paper,FR
59,2023,,0.0001883862038535035,Paper,FR
59,2024,,0.00018098114967686138,Paper,FR
59,2025,,0.00012916450004362345,Paper,FR
59,2026,SSP2,0.00013642436343929505,Paper,FR
59,2027,SSP2,0.0001333952970989035,Paper,FR
59,2028,SSP2,0.00013033789085513677,Paper,FR
59,2029,SSP2,0.00012726511930527946,Paper,FR
59,2030,SSP2,0.00012418826693390454,Paper,FR
60,2019,,0.00018659665711034037,Paper,FR
60,2020,,0.0001721912986247066,Paper,FR
60,2021,,0.00019383966938705394,Paper,FR
60,2022,,0.00019165443426701049,Paper,FR
60,2023,,0.00018127949884363622,Paper,FR
60,2024,,0.00017415379386846963,Paper,FR
60,2025,,0.0001242918820876353,Paper,FR
60,2026,SSP2,0.00013127787347723852,Paper,FR
60,2027,SSP2,0.00012836307601904822,Paper,FR
60,2028,SSP2,0.00012542100775558642,Paper,FR
60,2029,SSP2,0.00012246415382878678,Paper,FR
60,2030,SSP2,0.00011950337302589716,Paper,FR
61,2019,,0.0001909499008679285,Paper,FR
61,2020,,0.00017620846971156987,Paper,FR
61,2021,,0.00019836189043752624,Paper,FR
61,2022,,0.00019612567444090916,Paper,FR
61,2023,,0.00018550869490181166,Paper,FR
61,2024,,0.0001782167493777417,Paper,FR
61,2025,,0.00012719157422679794,Paper,FR
61,2026,SSP2,0.0001343405466894724,Paper,FR
61,2027,SSP2,0.00013135774788529874,Paper,FR
61,2028,SSP2,0.00012834704205618786,Paper,FR
61,2029,SSP2,0.00012532120561867084,Paper,FR
61,2030,SSP2,0.0001222913506922285,Paper,FR
62,2019,,0.00019785393339610043,Paper,FR
62,2020,,0.00018257950735599108,Paper,FR
62,2021,,0.00020553391272036352,Paper,FR
62,2022,,0.0002032168435370703,Paper,FR
62,2023,,0.00019221599382178686,Paper,FR
62,2024,,0.00018466039888568258,Paper,FR
62,2025,,0.00013179034469894694,Paper,FR
62,2026,SSP2,0.00013919779720377365,Paper,FR
62,2027,SSP2,0.00013610715157760426,Paper,FR
62,2028,SSP2,0.00013298758991310165,Paper,FR
62,2029,SSP2,0.0001298523505741189,Paper,FR
62,2030,SSP2,0.00012671294745271694,Paper,FR
63,2019,,0.00019284867147746382,Paper,FR
63,2020,,0.00017796065424750704,Paper,FR
63,2021,,0.00020033436450482174,Paper,FR
63,2022,,0.00019807591198861682,Paper,FR
63,2023,,0.00018735335916239402,Paper,FR
63,2024,,0.00017998890387642053,Paper,FR
63,2025,,0.00012845634379109018,Paper,FR
63,2026,SSP2,0.00013567640431790505,Paper,FR
63,2027,SSP2,0.00013266394511234978,Paper,FR
63,2028,SSP2,0.0001296233013795464,Paper,FR
63,2029,SSP2,0.00012656737658235645,Paper,FR
63,2030,SSP2,0.00012350739333712822,Paper,FR
64,2019,,0.00018641733684844557,Paper,FR
64,2020,,0.00017202582197982152,Paper,FR
64,2021,,0.0001936533885564197,Paper,FR
64,2022,,0.00019147025345756685,Paper,FR
64,2023,,0.0001811052883957525,Paper,FR
64,2024,,0.00017398643125645885,Paper,FR
64,2025,,0.00012417243700650412,Paper,FR
64,2026,SSP2,0.0001311517148256448,Paper,FR
64,2027,SSP2,0.0001282397185014709,Paper,FR
64,2028,SSP2,0.00012530047757939713,Paper,FR
64,2029,SSP2,0.00012234646520307727,Paper,FR
64,2030,SSP2,0.00011938852972441376,Paper,FR
65,2019,,0.000192029975247536,Paper,FR
65,2020,,0.000177205161790174,Paper,FR
65,2021,,0.00019948388942667608,Paper,FR
65,2022,,0.00019723502466934096,Paper,FR
65,2023,,0.00018655799206115635,Paper,FR
65,2024,,0.00017922480093547966,Paper,FR
65,2025,,0.0001279110108957875,Paper,FR
65,2026,SSP2,0.0001351004202582056,Paper,FR
65,2027,SSP2,0.0001321007497795599,Paper,FR
65,2028,SSP2,0.0001290730144248207,Paper,FR
65,2029,SSP2,0.00012603006287806195,Paper,FR
65,2030,SSP2,0.00012298307011250525,Paper,FR
66,2019,,0.0001979312512256611,Paper,FR
66,2020,,0.00018265085620910066,Paper,FR
66,2021,,0.00020561423175046763,Paper,FR
66,2022,,0.00020329625709738104,Paper,FR
66,2023,,0.00019229110844394299,Paper,FR
66,2024,,0.00018473256091452165,Paper,FR
66,2025,,0.00013184184604256074,Paper,FR
66,2026,SSP2,0.00013925219324925373,Paper,FR
66,2027,SSP2,0.00013616033985325304,Paper,FR
66,2028,SSP2,0.0001330395591190411,Paper,FR
66,2029,SSP2,0.00012990309458379016,Paper,FR
66,2030,SSP2,0.00012676246463898721,Paper,FR
67,2019,,0.00019176129518714825,Paper,FR
67,2020,,0.00017695722396947995,Paper,FR
67,2021,,0.00019920478017100674,Paper,FR
67,2022,,0.00019695906192826145,Paper,FR
67,2023,,0.00018629696816367265,Paper,FR
67,2024,,0.00017897403732278715,Paper,FR
67,2025,,0.00012773204332529526,Paper,FR
67,2026,SSP2,0.000134911393576165,Paper,FR
67,2027,SSP2,0.00013191592010709712,Paper,FR
67,2028,SSP2,0.00012889242102910012,Paper,FR
67,2029,SSP2,0.0001258537270489233,Paper,FR
67,2030,SSP2,0.00012281099750424758,Paper,FR
68,2019,,0.0001864427110450719,Paper,FR
68,2020,,0.00017204923727533812,Paper,FR
68,2021,,0.00019367974768825613,Paper,FR
68,2022,,0.0001914963154319597,Paper,FR
68,2023,,0.0001811299395428803,Paper,FR
68,2024,,0.00017401011342031575,Paper,FR
68,2025,,0.00012418933873831428,Paper,FR
68,2026,SSP2,0.00013116956654188607,Paper,FR
68,2027,SSP2,0.00012825717385131965,Paper,FR
68,2028,SSP2,0.00012531753285445482,Paper,FR
68,2029,SSP2,0.00012236311839272735,Paper,FR
68,2030,SSP2,0.00011940478029466314,Paper,FR
69,2019,,0.0001931149551938374,Paper,FR
69,2020,,0.0001782063807231848,Paper,FR
69,2021,,0.00020061098439900607,Paper,FR
69,2022,,0.00019834941343181746,Paper,FR
69,2023,,0.00018761205500079738,Paper,FR
69,2024,,0.00018023743094099933,Paper,FR
69,2025,,0.00012863371515877653,Paper,FR
69,2026,SSP2,0.00013586374508042722,Paper,FR
69,2027,SSP2,0.0001328471262982125,Paper,FR
69,2028,SSP2,0.00012980228407180722,Paper,FR
69,2029,SSP2,0.00012674213968105866,Paper,FR
69,2030,SSP2,0.00012367793123840314,Paper,FR
70,2019,,0.00019780341131403776,Paper,FR
70,2020,,0.00018253288560480694,Paper,FR
70,2021,,0.0002054814295524685,Paper,FR
70,2022,,0.00020316495203373013,Paper,FR
70,2023,,0.00019216691138987897,Paper,FR
70,2024,,0.00018461324577800315,Paper,FR
70,2025,,0.0001317566919810269,Paper,FR
70,2026,SSP2,0.00013916225298985502,Paper,FR
70,2027,SSP2,0.0001360723965612986,Paper,FR
70,2028,SSP2,0.00013295363147813107,Paper,FR
70,2029,SSP2,0.00012981919272378394,Paper,FR
70,2030,SSP2,0.0001266805912502411,Paper,FR
71,2019,,0.00019068838846671087,Paper,FR
71,2020,,0.000175967146203049,Paper,FR
71,2021,,0.00019809022706382138,Paper,FR
71,2022,,0.00019585707364127352,Paper,FR
71,2023,,0.00018525463441772648,Paper,FR
71,2024,,0.0001779726754617295,Paper,FR
71,2025,,0.0001270173810282704,Paper,FR
71,2026,SSP2,0.0001341565627293553,Paper,FR
71,2027,SSP2,0.00013117784896986656,Paper,FR
71,2028,SSP2,0.00012817126640506294,Paper,FR
71,2029,SSP2,0.00012514957395373745,Paper,FR
71,2030,SSP2,0.00012212386851694423,Paper,FR
72,2019,,0.0001866718764739175,Paper,FR
72,2020,,0.00017226071101449238,Paper,FR
72,2021,,0.00019391780849625927,Paper,FR
72,2022,,0.0001917316924815763,Paper,FR
72,2023,,0.00018135257479657,Paper,FR
72,2024,,0.00017422399736376367,Paper,FR
72,2025,,0.000124341985644758,Paper,FR
72,2026,SSP2,0.00013133079317176915,Paper,FR
72,2027,SSP2,0.00012841482072355943,Paper,FR
72,2028,SSP2,0.0001254715664768876,Paper,FR
72,2029,SSP2,0.0001225135206065987,Paper,FR
72,2030,SSP2,0.00011955154627724866,Paper,FR
73,2019,,0.00019416621948705823,Paper,FR
73,2020,,0.00017917648686897948,Paper,FR
73,2021,,0.00020170305499765478,Paper,FR
73,2022,,0.00019942917266492743,Paper,FR
73,2023,,0.00018863336303052584,Paper,FR
73,2024,,0.0001812185935612632,Paper,FR
73,2025,,0.00012933396145257094,Paper,FR
73,2026,SSP2,0.0001366033496532732,Paper,FR
73,2027,SSP2,0.00013357030923448034,Paper,FR
73,2028,SSP2,0.00013050889173088896,Paper,FR
73,2029,SSP2,0.00012743208876221277,Paper,FR
73,2030,SSP2,0.00012435119961805738,Paper,FR
74,2019,,0.00019747496428296267,Paper,FR
74,2020,,0.00018222979485448974,Paper,FR
74,2021,,0.00020514023338689567,Paper,FR
74,2022,,0.00020282760231427532,Paper,FR
74,2023,,0.0001918478236092508,Paper,FR
74,2024,,0.000184306700647815,Paper,FR
74,2025,,0.00013153791367979356,Paper,FR
74,2026,SSP2,0.00013893117796173193,Paper,FR
74,2027,SSP2,0.00013584645215333852,Paper,FR
74,2028,SSP2,0.00013273286569234636,Paper,FR
74,2029,SSP2,0.00012960363158586705,Paper,FR
74,2030,SSP2,0.00012647024167227085,Paper,FR
75,2019,,0.00018966814277433377,Paper,FR
75,2020,,0.00017502566400606198,Paper,FR
75,2021,,0.00019703037909673269,Paper,FR
75,2022,,0.0001948091737806117,Paper,FR
75,2023,,0.00018426346109942779,Paper,FR
75,2024,,0.00017702046302257325,Paper,FR
75,2025,,0.00012633779619936124,Paper,FR
75,2026,SSP2,0.00013343878092664927,Paper,FR
75,2027,SSP2,0.00013047600426698282,Paper,FR
75,2028,SSP2,0.00012748550790929008,Paper,FR
75,2029,SSP2,0.00012447998250794565,Paper,FR
75,2030,SSP2,0.00012147046559192768,Paper,FR
76,2019,,0.0001870966757045871,Paper,FR
76,2020,,0.00017265271552473676,Paper,FR
76,2021,,0.00019435909690787418,Paper,FR
76,2022,,0.00019216800606560212,Paper,FR
76,2023,,0.00018176526917618806,Paper,FR
76,2024,,0.00017462046962001514,Paper,FR
76,2025,,0.0001246249440680597,Paper,FR
76,2026,SSP2,0.00013162965565151924,Paper,FR
76,2027,SSP2,0.00012870704748037124,Paper,FR
76,2028,SSP2,0.0001257570954270278,Paper,FR
76,2029,SSP2,0.00012279231808955848,Paper,FR
76,2030,SSP2,0.00011982360335324336,Paper,FR
77,2019,,0.0001951463470583132,Paper,FR
77,2020,,0.0001800809480845546,Paper,FR
77,2021,,0.0002027212276021986,Paper,FR
77,2022,,0.0002004358669867196,Paper,FR
77,2023,,0.00018958556141216603,Paper,FR
77,2024,,0.0001821333630842146,Paper,FR
77,2025,,0.00012998682363351145,Paper,FR
77,2026,SSP2,0.0001372929068258579,Paper,FR
77,2027,SSP2,0.0001342445559861945,Paper,FR
77,2028,SSP2,0.0001311676848176437,Paper,FR
77,2029,SSP2,0.0001280753505200428,Paper,FR
77,2030,SSP2,0.00012497890942044355,Paper,FR
78,2019,,0.00019695760161578038,Paper,FR
78,2020,,0.00018175237285292955,Paper,FR
78,2021,,0.00020460278855850028,Paper,FR
78,2022,,0.00020229621632470178,Paper,FR
78,2023,,0.00019134520343116394,Paper,FR
78,2024,,0.00018382383738171465,Paper,FR
78,2025,,0.00013119329882644204,Paper,FR
78,2026,SSP2,0.00013856719356985698,Paper,FR
78,2027,SSP2,0.0001354905494034963,Paper,FR
78,2028,SSP2,0.00013238512019626947,Paper,FR
78,2029,SSP2,0.00012926408433866415,Paper,FR
78,2030,SSP2,0.00012613890356169904,Paper,FR
79,2019,,0.00018873687503296433,Paper,FR
79,2020,,0.00017416629061622213,Paper,FR
79,2021,,0.00019606296288524538,Paper,FR
79,2022,,0.00019385266365397138,Paper,FR
79,2023,,0.00018335873026416492,Paper,FR
79,2024,,0.00017615129519942785,Paper,FR
79,2025,,0.00012571747951151265,Paper,FR
79,2026,SSP2,0.0001327835985101034,Paper,FR
79,2027,SSP2,0.00012983536903947814,Paper,FR
79,2028,SSP2,0.00012685955597412893,Paper,FR
79,2029,SSP2,0.0001238687876575073,Paper,FR
79,2030,SSP2,0.00012087404742448942,Paper,FR
80,2019,,0.0001877019874765417,Paper,FR
80,2020,,0.0001732112969146705,Paper,FR
80,2021,,0.0001949879047095187,Paper,FR
80,2022,,0.00019278972505567233,Paper,FR
80,2023,,0.00018235333230852592,Paper,FR
80,2024,,0.00017518541726265592,Paper,FR
80,2025,,0.00012502814174882818,Paper,FR
80,2026,SSP2,0.00013205551559694124,Paper,FR
80,2027,SSP2,0.000129123451944427,Paper,FR
80,2028,SSP2,0.00012616395594436264,Paper,FR
80,2029,SSP2,0.00012318958669609728,Paper,FR
80,2030,SSP2,0.0001202112673103639,Paper,FR
81,2019,,0.00019602044903941138,Paper,FR
81,2020,,0.00018088756894039728,Paper,FR
81,2021,,0.0002036292590838475,Paper,FR
81,2022,,0.00020133366185225127,Paper,FR
81,2023,,0.00019043475545200354,Paper,FR
81,2024,,0.00018294917714323157,Paper,FR
81,2025,,0.00013056906225476916,Paper,FR
81,2026,SSP2,0.0001379078709471763,Paper,FR
81,2027,SSP2,0.0001348458658959522,Paper,FR
81,2028,SSP2,0.00013175521276722352,Paper,FR
81,2029,SSP2,0.00012864902724680192,Paper,FR
81,2030,SSP2,0.0001255387165291426,Paper,FR
82,2019,,0.00019626973948445845,Paper,FR
82,2020,,0.0001811176140340883,Paper,FR
82,2021,,0.00020388822608892468,Paper,FR
82,2022,,0.00020158970941469724,Paper,FR
82,2023,,0.00019067694225022639,Paper,FR
82,2024,,0.0001831818441022888,Paper,FR
82,2025,,0.00013073511441819588,Paper,FR
82,2026,SSP2,0.00013808325629443159,Paper,FR
82,2027,SSP2,0.00013501735711580549,Paper,FR
82,2028,SSP2,0.00013192277342627195,Paper,FR
82,2029,SSP2,0.0001288126375916123,Paper,FR
82,2030,SSP2,0.0001256983713134651,Paper,FR
83,2019,,0.0001879277348839679,Paper,FR
83,2020,,0.00017341961650542764,Paper,FR
83,2021,,0.00019522241482078292,Paper,FR
83,2022,,0.00019302159143702949,Paper,FR
83,2023,,0.00018257264693890147,Paper,FR
83,2024,,0.00017539611110930933,Paper,FR
83,2025,,0.00012517851191397436,Paper,FR
83,2026,SSP2,0.0001322143375182385,Paper,FR
83,2027,SSP2,0.0001292787475004638,Paper,FR
83,2028,SSP2,0.0001263156921425136,Paper,FR
83,2029,SSP2,0.00012333774564844734,Paper,FR
83,2030,SSP2,0.00012035584426612002,Paper,FR
84,2019,,0.00018846626495930152,Paper,FR
84,2020,,0.00017391657178027656,Paper,FR
84,2021,,0.0001957818487001151,Paper,FR
84,2022,,0.00019357471858583367,Paper,FR
84,2023,,0.00018309583135002935,Paper,FR
84,2024,,0.0001758987302729322,Paper,FR
84,2025,,0.00012553722636074192,Paper,FR
84,2026,SSP2,0.00013259321399002616,Paper,FR
84,2027,SSP2,0.00012964921167741693,Paper,FR
84,2028,SSP2,0.00012667766531931652,Paper,FR
84,2029,SSP2,0.000123691185152715,Paper,FR
84,2030,SSP2,0.00012070073876463294,Paper,FR
85,2019,,0.00019675741067580574,Paper,FR
85,2020,,0.0001815676367571122,Paper,FR
85,2021,,0.00020439482692499673,Paper,FR
85,2022,,0.00020209059912908647,Paper,FR
85,2023,,0.00019115071702484972,Paper,FR
85,2024,,0.00018363699581534047,Paper,FR
85,2025,,0.000131059951803555,Paper,FR
85,2026,SSP2,0.00013842635159928653,Paper,FR
85,2027,SSP2,0.00013535283458456955,Paper,FR
85,2028,SSP2,0.00013225056178657455,Paper,FR
85,2029,SSP2,0.0001291326982010567,Paper,FR
85,2030,SSP2,0.00012601069390914322,Paper,FR
86,2019,,0.0001954358632028859,Paper,FR
86,2020,,0.0001803481134329526,Paper,FR
86,2021,,0.00020302198172403153,Paper,FR
86,2022,,0.00020073323058239444,Paper,FR
86,2023,,0.0001898668276599544,Paper,FR
86,2024,,0.00018240357336420736,Paper,FR
86,2025,,0.0001301796701027942,Paper,FR
86,2026,SSP2,0.00013749659248874925,Paper,FR
86,2027,SSP2,0.00013444371916226656,Paper,FR
86,2028,SSP2,0.00013136228319457147,Paper,FR
86,2029,SSP2,0.0001282653611569638,Paper,FR
86,2030,SSP2,0.00012516432622456896,Paper,FR
87,2019,,0.00018726952468413392,Paper,FR
87,2020,,0.00017281222047361975,Paper,FR
87,2021,,0.00019453865526421402,Paper,FR
87,2022,,0.0001923455401859968,Paper,FR
87,2023,,0.00018193319274391494,Paper,FR
87,2024,,0.00017478179247552893,Paper,FR
87,2025,,0.00012474007863326307,Paper,FR
87,2026,SSP2,0.00013175126150887496,Paper,FR
87,2027,SSP2,0.0001288259532906091,Paper,FR
87,2028,SSP2,0.00012587327592854377,Paper,FR
87,2029,SSP2,0.00012290575958603638,Paper,FR
87,2030,SSP2,0.00011993430220712323,Paper,FR
88,2019,,0.0001893623027388578,Paper,FR
88,2020,,0.0001747434349795854,Paper,FR
88,2021,,0.00019671266744916049,Paper,FR
88,2022,,0.0001944950438284299,Paper,FR
88,2023,,0.00018396633611757657,Paper,FR
88,2024,,0.00017673501738104972,Paper,FR
88,2025,,0.0001261340763995763,Paper,FR
88,2026,SSP2,0.00013322361078317907,Paper,FR
88,2027,SSP2,0.0001302656116033015,Paper,FR
88,2028,SSP2,0.00012727993742343342,Paper,FR
88,2029,SSP2,0.00012427925843425884,Paper,FR
88,2030,SSP2,0.00012127459436673137,Paper,FR
89,2019,,0.00019733099889524314,Paper,FR
89,2020,,0.0001820969436691988,Paper,FR
89,2021,,0.00020499067977971486,Paper,FR
89,2022,,0.0002026797346870375,Paper,FR
89,2023,,0.00019170796058200914,Paper,FR
89,2024,,0.00018417233533363748,Paper,FR
89,2025,,0.00013144201845169976,Paper,FR
89,2026,SSP2,0.00013882989281414768,Paper,FR
89,2027,SSP2,0.0001357474158667612,Paper,FR
89,2028,SSP2,0.0001326360993070888,Paper,FR
89,2029,SSP2,0.00012950914650954932,Paper,FR
89,2030,SSP2,0.0001263780409346055,Paper,FR
90,2019,,0.00019448565564146505,Paper,FR
90,2020,,0.00017947126238696996,Paper,FR
90,2021,,0.00020203489051667955,Paper,FR
90,2022,,0.0001997572672642914,Paper,FR
90,2023,,0.00018894369670359465,Paper,FR
90,2024,,0.0001815167286889242,Paper,FR
90,2025,,0.00012954673761615777,Paper,FR
90,2026,SSP2,0.00013682808518557954,Paper,FR
90,2027,SSP2,0.00013379005490413138,Paper,FR
90,2028,SSP2,0.00013072360085279773,Paper,FR
90,2029,SSP2,0.00012764173602469628,Paper,FR
90,2030,SSP2,0.0001245557782986683,Paper,FR
91,2019,,0.0001867856742497205,Paper,FR
91,2020,,0.00017236572354311735,Paper,FR
91,2021,,0.00019403602349314205,Paper,FR
91,2022,,0.00019184857479168907,Paper,FR
91,2023,,0.00018146312985198502,Paper,FR
91,2024,,0.00017433020673909114,Paper,FR
91,2025,,0.00012441778625100136,Paper,FR
91,2026,SSP2,0.00013141085425241877,Paper,FR
91,2027,SSP2,0.00012849310418679193,Paper,FR
91,2028,SSP2,0.00012554805569133865,Paper,FR
91,2029,SSP2,0.0001225882065550885,Paper,FR
91,2030,SSP2,0.00011962442656493391,Paper,FR
92,2019,,0.00019035820522845007,Paper,FR
92,2020,,0.0001756624532816393,Paper,FR
92,2021,,0.00019774722729773355,Paper,FR
92,2022,,0.0001955179406540416,Paper,FR
92,2023,,0.00018493385990394143,Paper,FR
92,2024,,0.0001776645099002163,Paper,FR
92,2025,,0.00012679744624083766,Paper,FR
92,2026,SSP2,0.00013392426621317992,Paper,FR
92,2027,SSP2,0.00013095071019487755,Paper,FR
92,2028,SSP2,0.00012794933362701656,Paper,FR
92,2029,SSP2,0.00012493287333590085,Paper,FR
92,2030,SSP2,0.00012191240700793421,Paper,FR
93,2019,,0.00019772079610681935,Paper,FR
93,2020,,0.000182456648334336,Paper,FR
93,2021,,0.00020539560751952558,Paper,FR
93,2022,,0.00020308009750821771,Paper,FR
93,2023,,0.0001920866503412978,Paper,FR
93,2024,,0.0001845361396176296,Paper,FR
93,2025,,0.00013170166205844815,Paper,FR
93,2026,SSP2,0.0001391041300369122,Paper,FR
93,2027,SSP2,0.00013601556412770233,Paper,FR
93,2028,SSP2,0.0001328981016379628,Paper,FR
93,2029,SSP2,0.0001297649720233594,Paper,FR
93,2030,SSP2,0.00012662768142817501,Paper,FR
94,2019,,0.00019345294062817205,Paper,FR
94,2020,,0.00017851827350709416,Paper,FR
94,2021,,0.00020096208921440654,Paper,FR
94,2022,,0.00019869656009677402,Paper,FR
94,2023,,0.0001879404093834614,Paper,FR
94,2024,,0.00018055287842314182,Paper,FR
94,2025,,0.00012885884698269134,Paper,FR
94,2026,SSP2,0.00013610153073946772,Paper,FR
94,2027,SSP2,0.0001330796323391711,Paper,FR
94,2028,SSP2,0.0001300294610986491,Paper,FR
94,2029,SSP2,0.00012696396091228134,Paper,FR
94,2030,SSP2,0.0001238943895611947,Paper,FR
95,2019,,0.00018649340684280655,Paper,FR
95,2020,,0.0001720960193312545,Paper,FR
95,2021,,0.00019373241131484184,Paper,FR
95,2022,,0.00019154838535960478,Paper,FR
95,2023,,0.00018117919074035153,Paper,FR
95,2024,,0.00017405742865974933,Paper,FR
95,2025,,0.00012422310716810265,Paper,FR
95,2026,SSP2,0.00013120523297141328,Paper,FR
95,2027,SSP2,0.0001282920483696483,Paper,FR
95,2028,SSP2,0.00012535160805247455,Paper,FR
95,2029,SSP2,0.00012239639025337263,Paper,FR
95,2030,SSP2,0.00011943724775105463,Paper,FR
96,2019,,0.00019141852203191615,Paper,FR
96,2020,,0.00017664091307920392,Paper,FR
96,2021,,0.00019884870179257333,Paper,FR
96,2022,,0.00019660699776931419,Paper,FR
96,2023,,0.0001859639624884382,Paper,FR
96,2024,,0.00017865412138032396,Paper,FR
96,2025,,0.0001275037224043705,Paper,FR
96,2026,SSP2,0.00013467023957265385,Paper,FR
96,2027,SSP2,0.00013168012050991394,Paper,FR
96,2028,SSP2,0.00012866202593399747,Paper,FR
96,2029,SSP2,0.0001256287636167762,Paper,FR
96,2030,SSP2,0.00012259147294862416,Paper,FR
97,2019,,0.0001979129269906935,Paper,FR
97,2020,,0.00018263394661455464,Paper,FR
97,2021,,0.00020559519623448947,Paper,FR
97,2022,,0.00020327743617668244,Paper,FR
97,2023,,0.00019227330636654747,Paper,FR
97,2024,,0.00018471545859828102,Paper,FR
97,2025,,0.00013182964028449836,Paper,FR
97,2026,SSP2,0.00013923930145024244,Paper,FR
97,2027,SSP2,0.00013614773429427592,Paper,FR
97,2028,SSP2,0.000133027242478156,Paper,FR
97,2029,SSP2,0.00012989106831298435,Paper,FR
97,2030,SSP2,0.00012675072912388927,Paper,FR
98,2019,,0.00019237447894704602,Paper,FR
98,2020,,0.0001775230696258142,Paper,FR
98,2021,,0.000199841765522903,Paper,FR
98,2022,,0.00019758886627966221,Paper,FR
98,2023,,0.00018689267896800714,Paper,FR
98,2024,,0.00017954633202398097,Paper,FR
98,2025,,0.0001281404845308534,Paper,FR
98,2026,SSP2,0.00013534279176569716,Paper,FR
98,2027,SSP2,0.00013233773984815957,Paper,FR
98,2028,SSP2,0.00012930457270585958,Paper,FR
98,2029,SSP2,0.00012625616207353915,Paper,FR
98,2030,SSP2,0.00012320370297243371,Paper,FR
99,2019,,0.00018640312608771145,Paper,FR
99,2020,,0.0001720127082971696,Paper,FR
99,2021,,0.00019363862618497585,Paper,FR
99,2022,,0.00019145565750846905,Paper,FR
99,2023,,0.00018109148257723482,Paper,FR
99,2024,,0.00017397316811480383,Paper,FR
99,2025,,0.0001241629712302952,Paper,FR
99,2026,SSP2,0.00013114171701282995,Paper,FR
99,2027,SSP2,0.0001282299426727468,Paper,FR
99,2028,SSP2,0.0001252909258116439,Paper,FR
99,2029,SSP2,0.0001223371386223361,Paper,FR
99,2030,SSP2,0.0001193794286297463,Paper,FR
